cx,cy,grad_200,density_700,pred
900.0,1100.0,0.09428090415820635,6.0,82421.1009460272
1100.0,1100.0,0.09333333333333334,6.0,81763.81259668013
1700.0,1700.0,0.0,5.0,17187.92977069551
1700.0,900.0,0.0,4.375970529895154,14542.937948666746
700.0,1700.0,0.09333333333333334,6.0,81763.81259667804
900.0,1700.0,0.09428090415820635,6.0,82421.10094602825
